progression_type,display_order,rank_group,rank_name,minimum_experience,maximum_experience,best_ranking,worst_ranking
GRADE,0,사병,훈련병,0,15000,,
GRADE,1,사병,이병,15001,37501,,
GRADE,2,사병,일병,37502,67502,,
GRADE,3,사병,상병,67503,105003,,
GRADE,4,사병,병장,105004,189004,,
GRADE,5,부사관,하사 1호봉,189005,264005,,
GRADE,6,부사관,하사 2호봉,264006,339006,,
GRADE,7,부사관,하사 3호봉,339007,470257,,
GRADE,8,부사관,중사 1호봉,470258,582758,,
GRADE,9,부사관,중사 2호봉,582759,695259,,
GRADE,10,부사관,중사 3호봉,695260,807760,,
GRADE,11,부사관,중사 4호봉,807761,991511,,
GRADE,12,부사관,상사 1호봉,991512,1141512,,
GRADE,13,부사관,상사 2호봉,1141513,1291513,,
GRADE,14,부사관,상사 3호봉,1291514,1441514,,
GRADE,15,부사관,상사 4호봉,1441515,1591515,,
GRADE,16,부사관,상사 5호봉,1591516,1854016,,
GRADE,17,위관,소위 1호봉,1854017,2079017,,
GRADE,18,위관,소위 2호봉,2079018,2304018,,
GRADE,19,위관,소위 3호봉,2304019,2529019,,
GRADE,20,위관,소위 4호봉,2529020,2754020,,
GRADE,21,위관,소위 5호봉,2754021,2979021,,
GRADE,22,위관,소위 6호봉,2979022,3346522,,
GRADE,23,위관,중위 1호봉,3346523,3646523,,
GRADE,24,위관,중위 2호봉,3646524,3946524,,
GRADE,25,위관,중위 3호봉,3946525,4246525,,
GRADE,26,위관,중위 4호봉,4246526,4546526,,
GRADE,27,위관,중위 5호봉,4546527,4846527,,
GRADE,28,위관,중위 6호봉,4846528,5319028,,
GRADE,29,위관,대위 1호봉,5319029,5694029,,
GRADE,30,위관,대위 2호봉,5694030,6069030,,
GRADE,31,위관,대위 3호봉,6069031,6444031,,
GRADE,32,위관,대위 4호봉,6444032,6819032,,
GRADE,33,위관,대위 5호봉,6819033,7194033,,
GRADE,34,위관,대위 6호봉,7194034,7824034,,
GRADE,35,영관,소령 1호봉,7824035,8349035,,
GRADE,36,영관,소령 2호봉,8349036,8874036,,
GRADE,37,영관,소령 3호봉,8874037,9399037,,
GRADE,38,영관,소령 4호봉,9399038,9924038,,
GRADE,39,영관,소령 5호봉,9924039,10449039,,
GRADE,40,영관,소령 6호봉,10449040,11341540,,
GRADE,41,영관,중령 1호봉,11341541,12091541,,
GRADE,42,영관,중령 2호봉,12091542,12841542,,
GRADE,43,영관,중령 3호봉,12841543,13591543,,
GRADE,44,영관,중령 4호봉,13591544,14341544,,
GRADE,45,영관,중령 5호봉,14341545,15091545,,
GRADE,46,영관,중령 6호봉,15091546,16456546,,
GRADE,47,영관,대령 1호봉,16456547,17656547,,
GRADE,48,영관,대령 2호봉,17656548,18856548,,
GRADE,49,영관,대령 3호봉,18856549,20056549,,
GRADE,50,영관,대령 4호봉,20056550,21256550,,
GRADE,51,영관,대령 5호봉,21256551,22456551,,
GRADE,52,영관,대령 6호봉,22456552,24999999,,
GRADE,53,장성,준장,25000000,,300001,
GRADE,54,장성,소장,,,150001,300000
GRADE,55,장성,중장,,,50001,150000
GRADE,56,장성,대장,,,2001,50000
GRADE,57,장성,부원수,,,101,2000
GRADE,58,장성,원수,,,2,100
GRADE,59,장성,대원수,,,1,1
SEASON_GRADE,0,사병,특등이병,0,10000,,
SEASON_GRADE,1,사병,특등일병,10001,30001,,
SEASON_GRADE,2,사병,특등상병,30002,50002,,
SEASON_GRADE,3,사병,특등병장,50003,86003,,
SEASON_GRADE,4,부사관,특전하사 1호봉,86004,116004,,
SEASON_GRADE,5,부사관,특전하사 2호봉,116005,146005,,
SEASON_GRADE,6,부사관,특전하사 3호봉,146006,176006,,
SEASON_GRADE,7,부사관,특전하사 4호봉,176007,206007,,
SEASON_GRADE,8,부사관,특전하사 5호봉,206008,266008,,
SEASON_GRADE,9,부사관,특전중사 1호봉,266009,316009,,
SEASON_GRADE,10,부사관,특전중사 2호봉,316010,366010,,
SEASON_GRADE,11,부사관,특전중사 3호봉,366011,416011,,
SEASON_GRADE,12,부사관,특전중사 4호봉,416012,466012,,
SEASON_GRADE,13,부사관,특전중사 5호봉,466013,526013,,
SEASON_GRADE,14,부사관,특전상사 1호봉,526014,576014,,
SEASON_GRADE,15,부사관,특전상사 2호봉,576015,626015,,
SEASON_GRADE,16,부사관,특전상사 3호봉,626016,676016,,
SEASON_GRADE,17,부사관,특전상사 4호봉,676017,726017,,
SEASON_GRADE,18,부사관,특전상사 5호봉,726018,846018,,
SEASON_GRADE,19,위관,특임소위 1호봉,846019,946019,,
SEASON_GRADE,20,위관,특임소위 2호봉,946020,1046020,,
SEASON_GRADE,21,위관,특임소위 3호봉,1046021,1146021,,
SEASON_GRADE,22,위관,특임소위 4호봉,1146022,1246022,,
SEASON_GRADE,23,위관,특임소위 5호봉,1246023,1426023,,
SEASON_GRADE,24,위관,특임중위 1호봉,1426024,1576024,,
SEASON_GRADE,25,위관,특임중위 2호봉,1576025,1726025,,
SEASON_GRADE,26,위관,특임중위 3호봉,1726026,1876026,,
SEASON_GRADE,27,위관,특임중위 4호봉,1876027,2026027,,
SEASON_GRADE,28,위관,특임중위 5호봉,2026028,2206028,,
SEASON_GRADE,29,위관,특임대위 1호봉,2206029,2356029,,
SEASON_GRADE,30,위관,특임대위 2호봉,2356030,2506030,,
SEASON_GRADE,31,위관,특임대위 3호봉,2506031,2656031,,
SEASON_GRADE,32,위관,특임대위 4호봉,2656032,2806032,,
SEASON_GRADE,33,위관,특임대위 5호봉,2806033,3106033,,
SEASON_GRADE,34,영관,특공소령 1호봉,3106034,3356034,,
SEASON_GRADE,35,영관,특공소령 2호봉,3356035,3606035,,
SEASON_GRADE,36,영관,특공소령 3호봉,3606036,3856036,,
SEASON_GRADE,37,영관,특공소령 4호봉,3856037,4106037,,
SEASON_GRADE,38,영관,특공소령 5호봉,4106038,4586038,,
SEASON_GRADE,39,영관,특공중령 1호봉,4586039,4986039,,
SEASON_GRADE,40,영관,특공중령 2호봉,4986040,5386040,,
SEASON_GRADE,41,영관,특공중령 3호봉,5386041,5786041,,
SEASON_GRADE,42,영관,특공중령 4호봉,5786042,6186042,,
SEASON_GRADE,43,영관,특공중령 5호봉,6186043,6906043,,
SEASON_GRADE,44,영관,특공대령 1호봉,6906044,7506044,,
SEASON_GRADE,45,영관,특공대령 2호봉,7506045,8106045,,
SEASON_GRADE,46,영관,특공대령 3호봉,8106046,8706046,,
SEASON_GRADE,47,영관,특공대령 4호봉,8706047,9306047,,
SEASON_GRADE,48,영관,특공대령 5호봉,9306048,10306048,,
SEASON_GRADE,49,장성,특급준장,10306049,11986049,,
SEASON_GRADE,50,장성,특급소장,11986050,14806050,,
SEASON_GRADE,51,장성,특급중장,14806051,19556051,,
SEASON_GRADE,52,장성,특급대장,19556052,,1001,
SEASON_GRADE,53,장성,부사령관,,,101,1000
SEASON_GRADE,54,장성,사령관,,,11,100
SEASON_GRADE,55,장성,총사령관,,,1,10
